{"schemaVersion":"1.0","appDefinitionTemplate":{"id":"/providers/Microsoft.PowerApps/apps/","type":"Microsoft.PowerApps/apps","tags":{"primaryDeviceWidth":"892","primaryDeviceHeight":"354","supportsPortrait":"true","supportsLandscape":"true","primaryFormFactor":"Tablet","publisherVersion":"3.23052.29","minimumRequiredApiVersion":"2.2.0","hasComponent":"false","hasUnlockedComponent":"false","isUnifiedRootApp":"false","sienaVersion":"20230528T005851Z-3.23052.29.0"},"properties":{"appVersion":"2023-05-28T00:58:51Z","lifeCycleId":"Published","createdByClientVersion":{"major":3,"minor":23052,"build":29,"revision":0,"majorRevision":0,"minorRevision":0},"minClientVersion":{"major":3,"minor":23052,"build":29,"revision":0,"majorRevision":0,"minorRevision":0},"backgroundColor":"rgba(255, 98, 87, 1)","backgroundImageUri":"/5334911246299167657/N4ccaac27-be0f-4bc8-a713-745c8ba3017d-logoSmallFile","displayName":"FEM-Newsletter-SignUp","description":"","commitMessage":"","appUris":{"documentUri":{"value":"/5334911246299167657/Nb6916b5a-b048-4464-a193-a3dff8c464ee-document.msapp"},"imageUris":[],"additionalUris":[]},"createdTime":"0001-01-01T00:00:00Z","lastModifiedTime":"0001-01-01T00:00:00Z","sharedGroupsCount":0,"sharedUsersCount":0,"connectionReferences":{},"databaseReferences":{"default.cds":{"databaseDetails":{"referenceType":"Environmental","environmentName":"default.cds","overrideValues":{"status":"NotSpecified"}},"dataSources":{},"components":[{"componentName":"CustomControl","identifier":"kristof_PowerNimbus.PowerFontPCF","identifierType":"LogicalName","capabilities":{"pcfExternalServiceUsageAllowed":false}}]}},"almMode":"Solution","performanceOptimizationEnabled":true,"canConsumeAppPass":true,"enableModernRuntimeMode":false,"executionRestrictions":{"isTeamsOnly":false,"dataLossPreventionEvaluationResult":{"status":"Compliant","lastEvaluationDate":"2023-05-26T21:01:48.5830461Z","violations":[],"violationsByPolicy":[],"violationErrorMessage":"The app uses the following connectors: ."}}},"appType":"ClassicCanvasApp","appComponents":[]}}